{
  "q_table": {
    "(3, np.int64(2), 0, 0, 0, 0, 0, 0, 0, 0)": [
      0.0046981149187499995,
      0.0,
      0.0,
      0.0,
      0.0,
      0.0,
      0.0,
      0.0,
      0.0,
      0.0,
      0.0,
      0.0,
      0.0
    ],
    "(3, np.int64(2), np.int64(3), 0, 0, 0, 0, 0, 0, 1)": [
      0.0,
      0.11588100000000001,
      0.0,
      0.0,
      0.0,
      0.0,
      0.0,
      0.0,
      0.0,
      0.0,
      0.0,
      0.0,
      0.0
    ],
    "(3, np.int64(2), np.int64(3), np.int64(4), 0, 0, 0, 0, 0, 2)": [
      0.0,
      0.0,
      1.0183050000000002,
      0.0,
      0.0,
      0.0,
      0.0,
      0.0,
      0.0,
      0.0,
      0.0,
      0.0,
      0.0
    ],
    "(3, np.int64(2), np.int64(3), np.int64(4), 0, 0, 0, 0, 0, 3)": [
      0.0,
      0.0,
      0.0,
      0.0,
      0.0,
      0.0,
      0.0,
      4.79265,
      0.0,
      0.0,
      0.0,
      0.0,
      0.0
    ],
    "(3, np.int64(3), 0, 0, 0, 0, 0, 0, 0, 0)": [
      0.0,
      0.0,
      0.0,
      0.0,
      0.0,
      0.0,
      0.0,
      0.0,
      0.0,
      0.0,
      0.0,
      0.0,
      0.0
    ],
    "(3, np.int64(3), np.int64(3), 0, 0, 0, 0, 0, 0, 1)": [
      0.0,
      0.0,
      0.0,
      0.0,
      0.0,
      0.0,
      0.0,
      0.0,
      0.0,
      0.0,
      0.0,
      0.0,
      0.0
    ],
    "(3, np.int64(3), np.int64(3), np.int64(4), 0, 0, 0, 0, 0, 2)": [
      0.0,
      0.0,
      0.0,
      0.0,
      0.0,
      0.0,
      0.0,
      0.0,
      0.0,
      0.0,
      0.0,
      0.0,
      0.0
    ],
    "(3, np.int64(3), np.int64(3), np.int64(4), 0, 0, 0, 0, 0, 3)": [
      0.0,
      0.0,
      0.0,
      0.0,
      0.0,
      0.0,
      0.0,
      1.5,
      0.0,
      0.0,
      0.0,
      0.0,
      0.0
    ],
    "(3, np.int64(3), np.int64(3), np.int64(4), np.int64(3), 0, 0, 0, 0, 3)": [
      0.0,
      0.0,
      0.0,
      -0.1,
      0.0,
      0.0,
      0.0,
      0.0,
      0.0,
      0.0,
      0.0,
      0.0,
      0.0
    ],
    "(3, np.int64(3), np.int64(3), np.int64(4), np.int64(3), np.int64(4), 0, 0, 0, 4)": [
      0.0,
      0.0,
      0.0,
      0.0,
      -0.1,
      0.0,
      0.0,
      0.0,
      0.0,
      0.0,
      0.0,
      0.0,
      0.0
    ],
    "(3, np.int64(3), np.int64(3), np.int64(4), np.int64(3), np.int64(4), np.int64(3), 0, 0, 5)": [
      0.0,
      0.0,
      0.0,
      0.0,
      0.0,
      -0.1,
      0.0,
      0.0,
      0.0,
      0.0,
      0.0,
      0.0,
      0.0
    ],
    "(3, np.int64(3), np.int64(3), np.int64(4), np.int64(3), np.int64(4), np.int64(3), np.int64(3), 0, 5)": [
      0.0,
      0.0,
      0.0,
      0.0,
      0.0,
      0.0,
      -0.1,
      0.0,
      0.0,
      0.0,
      0.0,
      0.0,
      0.0
    ],
    "(3, np.int64(3), np.int64(3), np.int64(4), np.int64(3), np.int64(4), np.int64(3), np.int64(3), np.int64(2), 5)": [
      0.0,
      0.0,
      0.0,
      0.0,
      0.0,
      0.0,
      0.0,
      1.4000000000000001,
      0.0,
      0.0,
      0.0,
      0.0,
      0.0
    ],
    "(3, np.int64(3), np.int64(4), 0, 0, 0, 0, 0, 0, 1)": [
      0.0,
      0.0,
      0.0,
      0.0,
      0.0,
      0.0,
      0.0,
      0.0,
      0.0,
      0.0,
      0.0,
      0.0,
      0.0
    ],
    "(3, np.int64(3), np.int64(4), np.int64(4), 0, 0, 0, 0, 0, 2)": [
      0.0,
      0.0,
      0.0,
      0.0,
      0.0,
      0.0,
      0.0,
      0.0,
      0.0,
      0.0,
      0.0,
      0.0,
      0.0
    ],
    "(3, np.int64(3), np.int64(4), np.int64(4), 0, 0, 0, 0, 0, 3)": [
      0.0,
      0.0,
      0.0,
      0.0,
      0.0,
      0.0,
      0.0,
      0.0,
      0.0,
      0.0,
      0.0,
      0.0,
      0.0
    ],
    "(3, np.int64(3), np.int64(4), np.int64(4), np.int64(2), 0, 0, 0, 0, 3)": [
      0.0,
      0.0,
      0.0,
      -0.1,
      0.0,
      0.0,
      0.0,
      0.0,
      0.0,
      0.0,
      0.0,
      0.0,
      0.0
    ],
    "(3, np.int64(3), np.int64(4), np.int64(4), np.int64(2), np.int64(4), 0, 0, 0, 4)": [
      0.0,
      0.0,
      0.0,
      0.0,
      -0.1,
      0.0,
      0.0,
      0.0,
      0.0,
      0.0,
      0.0,
      0.0,
      0.0
    ],
    "(3, np.int64(3), np.int64(4), np.int64(4), np.int64(2), np.int64(4), np.int64(4), 0, 0, 5)": [
      0.0,
      0.0,
      0.0,
      0.0,
      0.0,
      -0.1,
      0.0,
      0.0,
      0.0,
      0.0,
      0.0,
      0.0,
      0.0
    ],
    "(3, np.int64(3), np.int64(4), np.int64(4), np.int64(2), np.int64(4), np.int64(4), np.int64(4), 0, 5)": [
      0.0,
      0.0,
      0.0,
      0.0,
      0.0,
      0.0,
      1.4000000000000001,
      0.0,
      0.0,
      0.0,
      0.0,
      0.0,
      0.0
    ],
    "(3, np.int64(4), 0, 0, 0, 0, 0, 0, 0, 0)": [
      0.0,
      0.0,
      0.0,
      0.0,
      0.0,
      0.0,
      0.0,
      0.0,
      0.0,
      0.0,
      0.0,
      0.0,
      0.0
    ],
    "(3, np.int64(4), np.int64(3), 0, 0, 0, 0, 0, 0, 1)": [
      0.0,
      0.0,
      0.0,
      0.0,
      0.0,
      0.0,
      0.0,
      0.0,
      0.0,
      0.0,
      0.0,
      0.0,
      0.0
    ],
    "(3, np.int64(4), np.int64(3), np.int64(3), 0, 0, 0, 0, 0, 2)": [
      0.0,
      0.0,
      0.0,
      0.0,
      0.0,
      0.0,
      0.0,
      0.0,
      0.0,
      0.0,
      0.0,
      0.0,
      0.0
    ],
    "(3, np.int64(4), np.int64(3), np.int64(3), 0, 0, 0, 0, 0, 3)": [
      0.0,
      0.0,
      0.0,
      0.0,
      0.0,
      0.0,
      0.0,
      1.5,
      0.0,
      0.0,
      0.0,
      0.0,
      0.0
    ],
    "(3, np.int64(3), np.int64(3), np.int64(3), 0, 0, 0, 0, 0, 2)": [
      0.0,
      0.0,
      0.0,
      0.0,
      0.0,
      0.0,
      0.0,
      0.0,
      0.0,
      0.0,
      0.0,
      0.0,
      0.0
    ],
    "(3, np.int64(3), np.int64(3), np.int64(3), 0, 0, 0, 0, 0, 3)": [
      0.0,
      0.0,
      0.0,
      0.0,
      0.0,
      0.0,
      0.0,
      1.5,
      0.0,
      0.0,
      0.0,
      0.0,
      0.0
    ],
    "(3, np.int64(2), np.int64(3), np.int64(4), np.int64(2), 0, 0, 0, 0, 3)": [
      0.0,
      0.0,
      0.0,
      -0.1,
      0.0,
      0.0,
      0.0,
      0.0,
      0.0,
      0.0,
      0.0,
      0.0,
      0.0
    ],
    "(3, np.int64(2), np.int64(3), np.int64(4), np.int64(2), np.int64(4), 0, 0, 0, 4)": [
      0.0,
      0.0,
      0.0,
      0.0,
      1.4000000000000001,
      0.0,
      0.0,
      0.0,
      0.0,
      0.0,
      0.0,
      0.0,
      0.0
    ],
    "(3, np.int64(2), np.int64(4), 0, 0, 0, 0, 0, 0, 1)": [
      0.0,
      0.0,
      0.0,
      0.0,
      0.0,
      0.0,
      0.0,
      0.0,
      0.0,
      0.0,
      0.0,
      0.0,
      0.0
    ],
    "(3, np.int64(2), np.int64(4), np.int64(3), 0, 0, 0, 0, 0, 2)": [
      0.0,
      0.0,
      0.0,
      0.0,
      0.0,
      0.0,
      0.0,
      0.0,
      0.0,
      0.0,
      0.0,
      0.0,
      0.0
    ],
    "(3, np.int64(2), np.int64(4), np.int64(3), 0, 0, 0, 0, 0, 3)": [
      0.0,
      0.0,
      0.0,
      0.0,
      0.0,
      0.0,
      0.0,
      0.0,
      0.0,
      0.0,
      0.0,
      0.0,
      0.0
    ],
    "(3, np.int64(2), np.int64(4), np.int64(3), np.int64(2), 0, 0, 0, 0, 3)": [
      0.0,
      0.0,
      0.0,
      -0.1,
      0.0,
      0.0,
      0.0,
      0.0,
      0.0,
      0.0,
      0.0,
      0.0,
      0.0
    ],
    "(3, np.int64(2), np.int64(4), np.int64(3), np.int64(2), np.int64(3), 0, 0, 0, 4)": [
      0.0,
      0.0,
      0.0,
      0.0,
      -0.1,
      0.0,
      0.0,
      0.0,
      0.0,
      0.0,
      0.0,
      0.0,
      0.0
    ],
    "(3, np.int64(2), np.int64(4), np.int64(3), np.int64(2), np.int64(3), np.int64(3), 0, 0, 5)": [
      0.0,
      0.0,
      0.0,
      0.0,
      0.0,
      1.4000000000000001,
      0.0,
      0.0,
      0.0,
      0.0,
      0.0,
      0.0,
      0.0
    ],