{
  "q_table": {
    "(3, np.int64(2), 0, 0, 0, 0, 0, 0, 0, 0)": [
      0.0011574562500000002,
      0.0,
      0.0,
      0.0,
      0.0,
      0.0,
      0.0,
      0.0,
      0.0,
      0.0,
      0.0,
      0.0,
      0.0
    ],
    "(3, np.int64(2), np.int64(3), 0, 0, 0, 0, 0, 0, 1)": [
      0.0,
      0.05008875,
      0.0,
      0.0,
      0.0,
      0.0,
      0.0,
      0.0,
      0.0,
      0.0,
      0.0,
      0.0,
      0.0
    ],
    "(3, np.int64(2), np.int64(3), np.int64(4), 0, 0, 0, 0, 0, 2)": [
      0.0,
      0.0,
      0.7452750000000001,
      0.0,
      0.0,
      0.0,
      0.0,
      0.0,
      0.0,
      0.0,
      0.0,
      0.0,
      0.0
    ],
    "(3, np.int64(2), np.int64(3), np.int64(4), 0, 0, 0, 0, 0, 3)": [
      0.0,
      0.0,
      0.0,
      0.0,
      0.0,
      0.0,
      0.0,
      3.6585,
      0.0,
      0.0,
      0.0,
      0.0,
      0.0
    ],
    "(3, np.int64(3), 0, 0, 0, 0, 0, 0, 0, 0)": [
      0.0,
      0.0,
      0.0,
      0.0,
      0.0,
      0.0,
      0.0,
      0.0,
      0.0,
      0.0,
      0.0,
      0.0,
      0.0
    ],
    "(3, np.int64(3), np.int64(3), 0, 0, 0, 0, 0, 0, 1)": [
      0.0,
      0.0,
      0.0,
      0.0,
      0.0,
      0.0,
      0.0,
      0.0,
      0.0,
      0.0,
      0.0,
      0.0,
      0.0
    ],
    "(3, np.int64(3), np.int64(3), np.int64(4), 0, 0, 0, 0, 0, 2)": [
      0.0,
      0.0,
      0.0,
      0.0,
      0.0,
      0.0,
      0.0,
      0.0,
      0.0,
      0.0,
      0.0,
      0.0,
      0.0
    ],
    "(3, np.int64(3), np.int64(3), np.int64(4), 0, 0, 0, 0, 0, 3)": [
      0.0,
      0.0,
      0.0,
      0.0,
      0.0,
      0.0,
      0.0,
      0.0,
      0.0,
      0.0,
      0.0,
      0.0,
      0.0
    ],
    "(3, np.int64(3), np.int64(3), np.int64(4), np.int64(3), 0, 0, 0, 0, 3)": [
      0.0,
      0.0,
      0.0,
      -0.1,
      0.0,
      0.0,
      0.0,
      0.0,
      0.0,
      0.0,
      0.0,
      0.0,
      0.0
    ],
    "(3, np.int64(3), np.int64(3), np.int64(4), np.int64(3), np.int64(4), 0, 0, 0, 4)": [
      0.0,
      0.0,
      0.0,
      0.0,
      -0.1,
      0.0,
      0.0,
      0.0,
      0.0,
      0.0,
      0.0,
      0.0,
      0.0
    ],
    "(3, np.int64(3), np.int64(3), np.int64(4), np.int64(3), np.int64(4), np.int64(3), 0, 0, 5)": [
      0.0,
      0.0,
      0.0,
      0.0,
      0.0,
      -0.1,
      0.0,
      0.0,
      0.0,
      0.0,
      0.0,
      0.0,
      0.0
    ],
    "(3, np.int64(3), np.int64(3), np.int64(4), np.int64(3), np.int64(4), np.int64(3), np.int64(3), 0, 5)": [
      0.0,
      0.0,
      0.0,
      0.0,
      0.0,
      0.0,
      -0.1,
      0.0,
      0.0,
      0.0,
      0.0,
      0.0,
      0.0
    ],
    "(3, np.int64(3), np.int64(3), np.int64(4), np.int64(3), np.int64(4), np.int64(3), np.int64(3), np.int64(2), 5)": [
      0.0,
      0.0,
      0.0,
      0.0,
      0.0,
      0.0,
      0.0,
      1.4000000000000001,
      0.0,
      0.0,
      0.0,
      0.0,
      0.0
    ],
    "(3, np.int64(3), np.int64(4), 0, 0, 0, 0, 0, 0, 1)": [
      0.0,
      0.0,
      0.0,
      0.0,
      0.0,
      0.0,
      0.0,
      0.0,
      0.0,
      0.0,
      0.0,
      0.0,
      0.0
    ],
    "(3, np.int64(3), np.int64(4), np.int64(4), 0, 0, 0, 0, 0, 2)": [
      0.0,
      0.0,
      0.0,
      0.0,
      0.0,
      0.0,
      0.0,
      0.0,
      0.0,
      0.0,
      0.0,
      0.0,
      0.0
    ],
    "(3, np.int64(3), np.int64(4), np.int64(4), 0, 0, 0, 0, 0, 3)": [
      0.0,
      0.0,
      0.0,
      0.0,
      0.0,
      0.0,
      0.0,
      0.0,
      0.0,
      0.0,
      0.0,
      0.0,
      0.0
    ],
    "(3, np.int64(3), np.int64(4), np.int64(4), np.int64(2), 0, 0, 0, 0, 3)": [
      0.0,
      0.0,
      0.0,
      -0.1,
      0.0,
      0.0,
      0.0,
      0.0,
      0.0,
      0.0,
      0.0,
      0.0,
      0.0
    ],
    "(3, np.int64(3), np.int64(4), np.int64(4), np.int64(2), np.int64(4), 0, 0, 0, 4)": [
      0.0,
      0.0,
      0.0,
      0.0,
      -0.1,
      0.0,
      0.0,
      0.0,
      0.0,
      0.0,
      0.0,
      0.0,
      0.0
    ],
    "(3, np.int64(3), np.int64(4), np.int64(4), np.int64(2), np.int64(4), np.int64(4), 0, 0, 5)": [
      0.0,
      0.0,
      0.0,
      0.0,
      0.0,
      -0.1,
      0.0,
      0.0,
      0.0,
      0.0,
      0.0,
      0.0,
      0.0
    ],
    "(3, np.int64(3), np.int64(4), np.int64(4), np.int64(2), np.int64(4), np.int64(4), np.int64(4), 0, 5)": [
      0.0,
      0.0,
      0.0,
      0.0,
      0.0,
      0.0,
      1.4000000000000001,
      0.0,
      0.0,
      0.0,
      0.0,
      0.0,
      0.0
    ],
    "(3, np.int64(4), 0, 0, 0, 0, 0, 0, 0, 0)": [
      0.0,
      0.0,
      0.0,
      0.0,
      0.0,
      0.0,
      0.0,
      0.0,
      0.0,
      0.0,
      0.0,
      0.0,
      0.0
    ],
    "(3, np.int64(4), np.int64(3), 0, 0, 0, 0, 0, 0, 1)": [
      0.0,
      0.0,
      0.0,
      0.0,
      0.0,
      0.0,
      0.0,
      0.0,
      0.0,
      0.0,
      0.0,
      0.0,
      0.0
    ],
    "(3, np.int64(4), np.int64(3), np.int64(3), 0, 0, 0, 0, 0, 2)": [
      0.0,
      0.0,
      0.0,
      0.0,
      0.0,
      0.0,
      0.0,
      0.0,
      0.0,
      0.0,
      0.0,
      0.0,
      0.0
    ],
    "(3, np.int64(4), np.int64(3), np.int64(3), 0, 0, 0, 0, 0, 3)": [
      0.0,
      0.0,
      0.0,
      0.0,
      0.0,
      0.0,
      0.0,
      1.5,
      0.0,
      0.0,
      0.0,
      0.0,
      0.0
    ],
    "(3, np.int64(3), np.int64(3), np.int64(3), 0, 0, 0, 0, 0, 2)": [
      0.0,
      0.0,
      0.0,
      0.0,
      0.0,
      0.0,
      0.0,
      0.0,
      0.0,
      0.0,
      0.0,
      0.0,
      0.0
    ],
    "(3, np.int64(3), np.int64(3), np.int64(3), 0, 0, 0, 0, 0, 3)": [
      0.0,
      0.0,
      0.0,
      0.0,
      0.0,
      0.0,
      0.0,
      1.5,
      0.0,
      0.0,
      0.0,
      0.0,
      0.0
    ],
    "(3, np.int64(2), np.int64(3), np.int64(4), np.int64(2), 0, 0, 0, 0, 3)": [
      0.0,
      0.0,
      0.0,
      -0.1,
      0.0,
      0.0,
      0.0,
      0.0,
      0.0,
      0.0,
      0.0,
      0.0,
      0.0
    ],
    "(3, np.int64(2), np.int64(3), np.int64(4), np.int64(2), np.int64(4), 0, 0, 0, 4)": [
      0.0,
      0.0,
      0.0,
      0.0,
      1.4000000000000001,
      0.0,
      0.0,
      0.0,
      0.0,
      0.0,
      0.0,
      0.0,
      0.0
    ],
    "(3, np.int64(2), np.int64(4), 0, 0, 0, 0, 0, 0, 1)": [
      0.0,
      0.0,
      0.0,
      0.0,
      0.0,
      0.0,
      0.0,
      0.0,
      0.0,
      0.0,
      0.0,
      0.0,
      0.0
    ],
    "(3, np.int64(2), np.int64(4), np.int64(3), 0, 0, 0, 0, 0, 2)": [
      0.0,
      0.0,
      0.0,
      0.0,
      0.0,
      0.0,
      0.0,
      0.0,
      0.0,
      0.0,
      0.0,
      0.0,
      0.0
    ],
    "(3, np.int64(2), np.int64(4), np.int64(3), 0, 0, 0, 0, 0, 3)": [
      0.0,
      0.0,
      0.0,
      0.0,
      0.0,
      0.0,
      0.0,
      0.0,
      0.0,
      0.0,
      0.0,
      0.0,
      0.0
    ],
    "(3, np.int64(2), np.int64(4), np.int64(3), np.int64(2), 0, 0, 0, 0, 3)": [
      0.0,
      0.0,
      0.0,
      -0.1,
      0.0,
      0.0,
      0.0,
      0.0,
      0.0,
      0.0,
      0.0,
      0.0,
      0.0
    ],
    "(3, np.int64(2), np.int64(4), np.int64(3), np.int64(2), np.int64(3), 0, 0, 0, 4)": [
      0.0,
      0.0,
      0.0,
      0.0,
      -0.1,
      0.0,
      0.0,
      0.0,
      0.0,
      0.0,
      0.0,
      0.0,
      0.0
    ],
    "(3, np.int64(2), np.int64(4), np.int64(3), np.int64(2), np.int64(3), np.int64(3), 0, 0, 5)": [
      0.0,
      0.0,
      0.0,
      0.0,
      0.0,
      1.4000000000000001,
      0.0,
      0.0,
      0.0,
      0.0,
      0.0,
      0.0,
      0.0
    ]
  },
  "epsilon": 0.9558895783575597,
  "episode_count": 9,
  "total_updates": 50,
  "hyperparameters": {
    "learning_rate": 0.1,
    "discount_factor": 0.95,
    "epsilon_end": 0.01,